order_id,product_id,customer_id,order_date,amount,discount,quantity
CA-2018-100762,OFF-AR-10000380,NG-18355,2018-11-24,151.92,0.0,4
CA-2018-100762,OFF-LA-10003930,NG-18355,2018-11-24,196.62,0.0,2
CA-2018-100762,OFF-PA-10001815,NG-18355,2018-11-24,144.12,0.0,3
CA-2018-100762,OFF-PA-10004082,NG-18355,2018-11-24,15.96,0.0,2
CA-2018-100867,TEC-PH-10004922,EH-14125,2018-10-19,321.55,0.2,6
CA-2018-102652,FUR-FU-10000747,AY-10555,2018-04-06,91.96,0.0,2
CA-2018-102652,FUR-FU-10001918,AY-10555,2018-04-06,33.11,0.0,7
CA-2018-102652,OFF-PA-10003309,AY-10555,2018-04-06,19.44,0.0,3
CA-2018-102652,OFF-PA-10001977,AY-10555,2018-04-06,55.48,0.0,1
CA-2018-103373,TEC-PH-10002885,BS-11755,2018-05-18,779.8,0.4,2
CA-2018-103744,OFF-LA-10004425,MG-17875,2018-02-23,6.94,0.2,3
CA-2018-103744,OFF-BI-10000320,MG-17875,2018-02-23,4.43,0.8,3
CA-2018-103940,OFF-ST-10004963,BN-11515,2018-09-17,30.28,0.0,2
CA-2018-103940,OFF-ST-10000943,BN-11515,2018-09-17,57.93,0.0,3
CA-2018-103940,FUR-FU-10004671,BN-11515,2018-09-17,35.34,0.0,2
CA-2018-103940,OFF-BI-10002735,BN-11515,2018-09-17,137.24,0.2,5
CA-2018-104829,OFF-PA-10003016,JG-15805,2018-11-18,21.98,0.0,7
CA-2018-105270,OFF-AR-10003156,AP-10915,2018-11-11,30.48,0.0,3
CA-2018-105270,FUR-CH-10000988,AP-10915,2018-11-11,112.65,0.2,1
CA-2018-108609,FUR-TA-10003954,AJ-10780,2018-10-31,1421.66,0.4,8
CA-2018-108861,OFF-BI-10003876,MM-17260,2018-05-28,136.96,0.2,4
CA-2018-109918,OFF-SU-10004290,LR-17035,2018-09-07,27.36,0.0,4
CA-2018-109918,OFF-PA-10000174,LR-17035,2018-09-07,20.56,0.0,2
CA-2018-109918,OFF-BI-10004308,LR-17035,2018-09-07,83.92,0.2,5
CA-2018-110786,FUR-FU-10000550,AJ-10795,2018-12-29,24.9,0.0,5
CA-2018-110786,OFF-PA-10000528,AJ-10795,2018-12-29,21.12,0.0,4
CA-2018-110786,TEC-MA-10003183,AJ-10795,2018-12-29,767.95,0.2,6
CA-2018-110786,OFF-BI-10003305,AJ-10795,2018-12-29,14.35,0.2,3
CA-2018-110786,TEC-PH-10001425,AJ-10795,2018-12-29,191.98,0.2,3
CA-2018-110786,OFF-LA-10001474,AJ-10795,2018-12-29,274.77,0.0,9
CA-2018-110786,FUR-FU-10000672,AJ-10795,2018-12-29,70.56,0.0,6
CA-2018-111871,FUR-BO-10004218,EK-13795,2018-03-18,1198.33,0.15,10
CA-2018-116785,OFF-AR-10003504,MH-17290,2018-04-26,21.4,0.0,5
CA-2018-116785,OFF-LA-10000305,MH-17290,2018-04-26,12.6,0.0,2
CA-2018-123225,TEC-PH-10000895,MN-17935,2018-07-11,575.97,0.2,4
CA-2018-123225,OFF-PA-10000552,MN-17935,2018-07-11,10.37,0.2,2
CA-2018-123253,OFF-AR-10002804,DE-13255,2018-08-22,3.91,0.2,1
CA-2018-123498,OFF-BI-10000632,TC-20980,2018-11-07,26.05,0.8,3
CA-2018-123498,OFF-EN-10001990,TC-20980,2018-11-07,74.35,0.2,3
CA-2018-124688,TEC-PH-10000455,CC-12610,2018-08-27,579.95,0.0,5
CA-2018-124688,FUR-FU-10002456,CC-12610,2018-08-27,29.12,0.0,4
CA-2018-124688,FUR-TA-10003569,CC-12610,2018-08-27,1202.94,0.0,3
CA-2018-126361,OFF-BI-10002852,VD-21670,2018-08-04,13.18,0.2,1
CA-2018-126361,OFF-AP-10003590,VD-21670,2018-08-04,1089.75,0.0,3
CA-2018-126361,OFF-PA-10000806,VD-21670,2018-08-04,447.84,0.0,8
CA-2018-126361,OFF-AR-10000896,VD-21670,2018-08-04,16.4,0.0,5
CA-2018-126361,TEC-PH-10002310,VD-21670,2018-08-04,399.96,0.2,5
CA-2018-126361,OFF-ST-10002289,VD-21670,2018-08-04,158.9,0.0,5
CA-2018-126403,OFF-PA-10001144,RR-19525,2018-09-09,166.44,0.0,3
CA-2018-126403,FUR-CH-10003761,RR-19525,2018-09-09,785.88,0.0,6
CA-2018-126403,OFF-PA-10004665,RR-19525,2018-09-09,26.2,0.0,2
CA-2018-126403,OFF-ST-10000078,RR-19525,2018-09-09,1325.85,0.0,5
CA-2018-126522,OFF-AR-10004042,LT-16765,2018-09-01,53.94,0.0,3
CA-2018-127012,OFF-FA-10004854,GM-14680,2018-08-11,22.96,0.0,2
CA-2018-127012,FUR-FU-10003691,GM-14680,2018-08-11,12.35,0.0,1
CA-2018-127012,OFF-AR-10003903,GM-14680,2018-08-11,40.97,0.0,1
CA-2018-127131,OFF-PA-10001800,HR-14830,2018-11-24,25.92,0.0,4
CA-2018-127131,OFF-ST-10000036,HR-14830,2018-11-24,197.58,0.0,2
CA-2018-127131,OFF-BI-10004656,HR-14830,2018-11-24,12.1,0.2,7
CA-2018-127131,OFF-ST-10002344,HR-14830,2018-11-24,485.88,0.0,6
CA-2018-133690,FUR-TA-10004289,BS-11755,2018-08-03,218.75,0.5,2
CA-2018-133690,OFF-AP-10003622,BS-11755,2018-08-03,2.6,0.2,1
CA-2018-134726,TEC-AC-10000023,SW-20755,2018-11-02,41.94,0.0,2
CA-2018-134726,TEC-PH-10001750,SW-20755,2018-11-02,52.79,0.2,1
CA-2018-135657,FUR-TA-10004086,SC-20725,2018-06-03,515.88,0.0,6
CA-2018-135699,OFF-PA-10004475,HH-15010,2018-08-29,109.92,0.0,2
CA-2018-135699,OFF-PA-10003001,HH-15010,2018-08-29,13.36,0.0,2
CA-2018-140816,TEC-AC-10001539,TC-21295,2018-12-20,447.94,0.2,7
CA-2018-141726,OFF-PA-10000418,CC-12145,2018-07-20,104.85,0.0,1
CA-2018-141726,OFF-BI-10001982,CC-12145,2018-07-20,8.7,0.2,2
CA-2018-141726,OFF-PA-10002230,CC-12145,2018-07-20,19.92,0.0,4
CA-2018-141726,FUR-FU-10003577,CC-12145,2018-07-20,43.02,0.0,3
CA-2018-142769,OFF-FA-10000840,RP-19390,2018-09-13,5.7,0.0,5
CA-2018-142769,FUR-FU-10001918,RP-19390,2018-09-13,14.19,0.0,3
CA-2018-142769,OFF-SU-10001574,RP-19390,2018-09-13,7.3,0.0,2
CA-2018-142769,TEC-AC-10001606,RP-19390,2018-09-13,199.98,0.0,2
CA-2018-142769,TEC-AC-10003399,RP-19390,2018-09-13,144.96,0.0,4
CA-2018-142769,TEC-AC-10000865,RP-19390,2018-09-13,118.0,0.0,2
CA-2018-142769,OFF-PA-10002923,RP-19390,2018-09-13,48.94,0.0,1
CA-2018-142769,OFF-AP-10004785,RP-19390,2018-09-13,22.66,0.0,2
CA-2018-143336,OFF-AR-10003056,ZD-21925,2018-08-27,8.56,0.0,2
CA-2018-143336,TEC-PH-10001949,ZD-21925,2018-08-27,213.48,0.2,3
CA-2018-143336,OFF-BI-10002215,ZD-21925,2018-08-27,22.72,0.2,4
CA-2018-143840,TEC-PH-10002660,EH-14185,2018-05-22,135.98,0.0,2
CA-2018-143840,TEC-PH-10003171,EH-14185,2018-05-22,44.95,0.0,1
CA-2018-148614,OFF-PA-10002893,MV-17485,2018-01-20,19.36,0.0,2
CA-2018-148614,FUR-FU-10003194,MV-17485,2018-01-20,19.3,0.0,2
CA-2018-148950,OFF-BI-10001249,JD-16015,2018-12-14,5.1,0.8,4
CA-2018-148950,OFF-FA-10003059,JD-16015,2018-12-14,2.9,0.2,2
CA-2018-148950,TEC-AC-10002718,JD-16015,2018-12-14,35.02,0.2,3
CA-2018-151162,OFF-PA-10001033,EA-14035,2018-12-05,98.38,0.2,3
CA-2018-151162,OFF-BI-10003719,EA-14035,2018-12-05,29.94,0.7,4
CA-2018-151162,OFF-PA-10003036,EA-14035,2018-12-05,17.47,0.2,3
CA-2018-151162,TEC-PH-10001870,EA-14035,2018-12-05,36.74,0.4,1
CA-2018-151162,TEC-PH-10001809,EA-14035,2018-12-05,179.94,0.4,2
CA-2018-152345,TEC-PH-10004897,ST-20530,2018-12-29,23.98,0.2,3
CA-2018-152345,OFF-ST-10003123,ST-20530,2018-12-29,33.29,0.0,1
CA-2018-153150,OFF-BI-10003355,Dl-13600,2018-07-01,19.92,0.2,5
CA-2018-156349,TEC-PH-10002726,ML-17395,2018-05-26,83.98,0.2,2
CA-2018-156349,FUR-BO-10000362,ML-17395,2018-05-26,290.67,0.15,2
CA-2018-156349,TEC-PH-10000441,ML-17395,2018-05-26,201.58,0.2,2
CA-2018-157924,OFF-ST-10002352,HA-14920,2018-10-11,31.92,0.0,4
CA-2018-157924,FUR-CH-10000229,HA-14920,2018-10-11,433.57,0.2,2
CA-2018-159338,FUR-TA-10004147,NS-18640,2018-06-25,447.84,0.2,5
CA-2018-160766,FUR-TA-10004086,DM-13015,2018-09-14,464.29,0.4,9
CA-2018-160766,OFF-EN-10001990,DM-13015,2018-09-14,68.46,0.0,7
CA-2018-160766,TEC-MA-10003979,DM-13015,2018-09-14,2799.96,0.0,4
CA-2018-160766,OFF-AP-10002945,DM-13015,2018-09-14,601.3,0.0,2
CA-2018-160766,TEC-PH-10001536,DM-13015,2018-09-14,16.99,0.0,1
CA-2018-160766,TEC-PH-10000526,DM-13015,2018-09-14,287.97,0.0,3
CA-2018-160766,OFF-PA-10000213,DM-13015,2018-09-14,44.82,0.0,9
CA-2018-160773,OFF-BI-10000546,LW-16825,2018-07-01,5.18,0.7,6
CA-2018-160773,TEC-PH-10004586,LW-16825,2018-07-01,575.92,0.2,2
CA-2018-164721,OFF-AP-10000240,LW-16825,2018-11-25,320.88,0.0,6
CA-2018-164721,FUR-FU-10004351,LW-16825,2018-11-25,23.88,0.0,3
CA-2018-164721,OFF-PA-10000575,LW-16825,2018-11-25,26.76,0.0,4
CA-2018-164861,OFF-PA-10001972,MC-17635,2018-12-03,25.92,0.0,4
CA-2018-166744,FUR-FU-10004952,DN-13690,2018-09-20,164.22,0.0,3
CA-2018-166744,FUR-BO-10001337,DN-13690,2018-09-20,362.94,0.0,3
CA-2018-166744,TEC-AC-10003628,DN-13690,2018-09-20,59.98,0.0,2
CA-2018-169019,OFF-BI-10004995,LF-17185,2018-07-26,2177.58,0.8,8
CA-2018-169019,FUR-FU-10004666,LF-17185,2018-07-26,17.5,0.6,3
CA-2018-169019,OFF-BI-10001524,LF-17185,2018-07-26,16.78,0.8,4
CA-2018-169019,TEC-AC-10002076,LF-17185,2018-07-26,431.14,0.2,9
CA-2018-169019,OFF-BI-10001679,LF-17185,2018-07-26,8.88,0.8,5
CA-2018-169019,OFF-AP-10003281,LF-17185,2018-07-26,4.84,0.8,2
CA-2019-101910,FUR-CH-10002647,CD-11920,2019-11-27,283.92,0.2,5
CA-2019-103716,OFF-AR-10000658,KB-16585,2019-04-30,34.65,0.0,3
CA-2019-103716,TEC-PH-10000347,KB-16585,2019-04-30,19.8,0.2,5
CA-2019-104129,TEC-PH-10003800,ES-14080,2019-02-27,105.98,0.0,2
CA-2019-104129,FUR-TA-10004152,ES-14080,2019-02-27,493.92,0.3,7
CA-2019-105158,FUR-FU-10001706,SP-20860,2019-09-05,6.16,0.0,2
CA-2019-105158,OFF-PA-10001970,SP-20860,2019-09-05,36.84,0.0,3
CA-2019-107678,FUR-CH-10001891,JK-16090,2019-04-21,191.96,0.0,2
CA-2019-107678,OFF-BI-10002215,JK-16090,2019-04-21,21.3,0.0,3
CA-2019-107678,TEC-PH-10002103,JK-16090,2019-04-21,469.95,0.0,5
CA-2019-107678,FUR-FU-10003394,JK-16090,2019-04-21,209.88,0.0,3
CA-2019-109736,OFF-PA-10004101,DJ-13420,2019-10-10,45.36,0.0,7
CA-2019-110814,OFF-BI-10002026,BD-11635,2019-12-05,232.4,0.2,5
CA-2019-110814,FUR-CH-10003535,BD-11635,2019-12-05,164.65,0.1,3
CA-2019-110814,OFF-PA-10004156,BD-11635,2019-12-05,22.68,0.0,2
CA-2019-111948,OFF-ST-10003282,AG-10495,2019-11-11,418.32,0.0,7
CA-2019-111948,OFF-AP-10002311,AG-10495,2019-11-11,123.86,0.1,2
CA-2019-112144,OFF-LA-10000443,CY-12745,2019-06-28,5.9,0.2,2
CA-2019-112144,FUR-FU-10004306,CY-12745,2019-06-28,621.76,0.2,4
CA-2019-113628,OFF-AR-10001246,AH-10690,2019-11-12,11.76,0.2,5
CA-2019-113628,OFF-BI-10003291,AH-10690,2019-11-12,5.24,0.7,2
CA-2019-113628,OFF-BI-10002799,AH-10690,2019-11-12,4.66,0.7,3
CA-2019-113628,FUR-CH-10003298,AH-10690,2019-11-12,523.92,0.2,5
CA-2019-113628,TEC-PH-10000441,AH-10690,2019-11-12,100.79,0.2,1
CA-2019-113628,FUR-CH-10004477,AH-10690,2019-11-12,146.14,0.2,3
CA-2019-114048,FUR-FU-10004351,EH-13945,2019-12-14,29.22,0.0,3
CA-2019-116092,OFF-PA-10004285,JM-16195,2019-02-15,13.36,0.0,2
CA-2019-116092,OFF-BI-10001628,JM-16195,2019-02-15,41.72,0.2,5
CA-2019-116092,OFF-BI-10000546,JM-16195,2019-02-15,11.52,0.2,5
CA-2019-116092,OFF-AP-10001391,JM-16195,2019-02-15,541.44,0.0,6
CA-2019-116092,OFF-PA-10000477,JM-16195,2019-02-15,19.44,0.0,3
CA-2019-119214,OFF-PA-10002893,CW-11905,2019-01-23,29.04,0.0,3
CA-2019-119214,OFF-LA-10003077,CW-11905,2019-01-23,14.62,0.0,2
CA-2019-119907,OFF-BI-10001765,LC-17140,2019-12-01,55.42,0.2,2
CA-2019-123568,OFF-FA-10002701,SC-20095,2019-11-08,5.04,0.0,3
CA-2019-123568,OFF-PA-10001125,SC-20095,2019-11-08,92.94,0.0,3
CA-2019-123568,FUR-FU-10004090,SC-20095,2019-11-08,66.69,0.0,3
CA-2019-123568,OFF-BI-10001510,SC-20095,2019-11-08,91.68,0.2,5
CA-2019-124058,TEC-PH-10004774,LC-16885,2019-11-20,72.74,0.2,7
CA-2019-124058,FUR-CH-10000595,LC-16885,2019-11-20,572.16,0.2,3
CA-2019-130456,FUR-BO-10003893,DS-13180,2019-08-21,586.4,0.15,6
CA-2019-130456,OFF-ST-10000736,DS-13180,2019-08-21,80.98,0.0,1
CA-2019-130785,FUR-BO-10000330,AG-10900,2019-09-05,411.33,0.15,4
CA-2019-130785,OFF-BI-10001900,AG-10900,2019-09-05,28.75,0.2,6
CA-2019-130785,FUR-BO-10003159,AG-10900,2019-09-05,293.2,0.15,3
CA-2019-132374,OFF-AR-10001615,PS-19045,2019-02-22,79.36,0.0,4
CA-2019-132941,OFF-SU-10002557,MM-18280,2019-05-25,22.37,0.2,2
CA-2019-132941,OFF-PA-10002160,MM-18280,2019-05-25,32.37,0.2,7
CA-2019-132941,TEC-AC-10003095,MM-18280,2019-05-25,207.98,0.2,2
CA-2019-134075,FUR-FU-10004597,HA-14905,2019-12-12,166.5,0.0,3
CA-2019-134075,OFF-ST-10001496,HA-14905,2019-12-12,360.38,0.0,2
CA-2019-134201,OFF-ST-10001476,EH-14125,2019-04-10,142.04,0.0,4
CA-2019-134201,OFF-AR-10002804,EH-14125,2019-04-10,14.67,0.0,3
CA-2019-135580,OFF-PA-10000595,CL-12565,2019-12-30,68.52,0.0,3
CA-2019-135580,OFF-ST-10000798,CL-12565,2019-12-30,74.94,0.0,3
CA-2019-135580,TEC-MA-10004002,CL-12565,2019-12-30,2548.56,0.2,6
CA-2019-135580,OFF-EN-10003296,CL-12565,2019-12-30,271.44,0.0,3
CA-2019-135580,TEC-PH-10004345,CL-12565,2019-12-30,287.88,0.2,3
CA-2019-138674,OFF-FA-10000304,KB-16585,2019-11-14,8.72,0.2,5
CA-2019-138674,TEC-AC-10000358,KB-16585,2019-11-14,91.18,0.2,3
CA-2019-138674,TEC-AC-10002800,KB-16585,2019-11-14,159.97,0.2,4
CA-2019-139731,FUR-CH-10002024,JE-15745,2019-10-15,2453.43,0.3,5
CA-2019-139731,TEC-AC-10004975,JE-15745,2019-10-15,263.88,0.2,3
CA-2019-140984,OFF-ST-10000585,CC-12685,2019-09-14,991.2,0.0,6
CA-2019-140984,TEC-CO-10001571,CC-12685,2019-09-14,879.98,0.2,2
CA-2019-140984,OFF-BI-10002012,CC-12685,2019-09-14,12.96,0.2,9
CA-2019-141593,OFF-BI-10001153,DB-12970,2019-12-14,55.26,0.2,2
CA-2019-141593,OFF-PA-10004983,DB-12970,2019-12-14,6.48,0.0,1
CA-2019-141593,OFF-BI-10000948,DB-12970,2019-12-14,34.25,0.2,3
CA-2019-141593,FUR-TA-10002622,DB-12970,2019-12-14,273.57,0.2,2
CA-2019-142601,OFF-ST-10002756,DE-13255,2019-04-18,947.17,0.0,7
CA-2019-142601,OFF-PA-10000483,DE-13255,2019-04-18,61.96,0.0,2
CA-2019-143238,TEC-AC-10003499,LO-17170,2019-09-06,46.32,0.0,4
CA-2019-143490,OFF-AR-10002952,NP-18325,2019-12-06,120.15,0.0,9
CA-2019-143490,TEC-PH-10000576,NP-18325,2019-12-06,219.18,0.2,2
CA-2019-143602,OFF-BI-10002071,JS-15595,2019-04-25,13.94,0.2,3
CA-2019-144267,OFF-PA-10001947,NZ-18565,2019-08-21,23.92,0.0,4
CA-2019-144267,OFF-PA-10000157,NZ-18565,2019-08-21,59.94,0.0,3
CA-2019-144267,FUR-CH-10002335,NZ-18565,2019-08-21,544.01,0.2,3
CA-2019-144267,OFF-PA-10003657,NZ-18565,2019-08-21,4.28,0.0,1
CA-2019-146255,TEC-AC-10004469,EM-14140,2019-03-07,119.85,0.0,3
CA-2019-146255,OFF-BI-10000309,EM-14140,2019-03-07,30.44,0.0,2
CA-2019-146255,OFF-BI-10001765,EM-14140,2019-03-07,69.28,0.0,2
CA-2019-146255,TEC-PH-10001619,EM-14140,2019-03-07,587.97,0.0,3
CA-2019-146262,TEC-PH-10002844,VW-21775,2019-01-02,62.98,0.4,3
CA-2019-146262,OFF-LA-10004544,VW-21775,2019-01-02,23.68,0.2,2
CA-2019-146262,FUR-BO-10004695,VW-21775,2019-01-02,452.45,0.5,5
CA-2019-146262,TEC-MA-10000864,VW-21775,2019-01-02,1188.0,0.7,9
CA-2019-146262,TEC-AC-10000109,VW-21775,2019-01-02,89.58,0.2,2
CA-2019-146486,OFF-ST-10002554,DV-13465,2019-11-09,244.55,0.0,5
CA-2019-146486,OFF-EN-10001509,DV-13465,2019-11-09,12.24,0.0,6
CA-2019-146486,TEC-AC-10002018,DV-13465,2019-11-09,13.98,0.0,2
CA-2019-146486,TEC-AC-10002637,DV-13465,2019-11-09,899.95,0.0,5
CA-2019-148873,OFF-BI-10003196,EM-13960,2019-10-01,2.99,0.8,4
CA-2019-148873,TEC-AC-10003657,EM-13960,2019-10-01,108.77,0.2,4
CA-2019-149342,TEC-PH-10001557,TS-21160,2019-04-20,287.97,0.0,3
CA-2019-149342,FUR-FU-10002937,TS-21160,2019-04-20,595.38,0.0,6
CA-2019-149342,OFF-PA-10001166,TS-21160,2019-04-20,12.96,0.0,2
CA-2019-149636,OFF-PA-10004041,SP-20620,2019-01-06,29.6,0.2,5
CA-2019-149636,OFF-BI-10002764,SP-20620,2019-01-06,1.94,0.7,2
CA-2019-149650,FUR-CH-10003956,RD-19660,2019-10-24,454.27,0.2,8
CA-2019-150770,OFF-AR-10001246,LC-16870,2019-05-03,8.82,0.0,3
CA-2019-150770,OFF-BI-10002026,LC-16870,2019-05-03,62.5,0.2,2
CA-2019-150770,TEC-AC-10000844,LC-16870,2019-05-03,339.96,0.0,4
CA-2019-150770,OFF-BI-10001575,LC-16870,2019-05-03,49.57,0.2,2
CA-2019-150875,FUR-TA-10000577,HK-14890,2019-11-16,696.42,0.0,2
CA-2019-150875,TEC-PH-10001254,HK-14890,2019-11-16,304.78,0.2,3
CA-2019-151547,OFF-SU-10000898,AH-10465,2019-01-17,88.96,0.2,8
CA-2019-153220,OFF-PA-10003016,YC-21895,2019-11-12,15.7,0.0,5
CA-2019-154970,FUR-CH-10003396,SR-20740,2019-01-05,61.58,0.2,1
CA-2019-155761,TEC-AC-10001606,SC-20800,2019-12-11,159.98,0.2,2
CA-2019-155761,OFF-ST-10000943,SC-20800,2019-12-11,46.34,0.2,3
CA-2019-156440,FUR-FU-10004090,MH-17620,2019-12-05,44.46,0.0,2
CA-2019-157770,TEC-PH-10001530,RD-19585,2019-12-13,494.38,0.2,3
CA-2019-157770,OFF-BI-10000050,RD-19585,2019-12-13,29.2,0.2,5
CA-2019-157770,TEC-AC-10001552,RD-19585,2019-12-13,248.85,0.0,5
CA-2019-157770,TEC-AC-10003399,RD-19585,2019-12-13,36.24,0.0,1
CA-2019-157812,TEC-AC-10000171,DB-13210,2019-03-22,18.39,0.2,1
CA-2019-157812,OFF-ST-10000736,DB-13210,2019-03-22,129.57,0.2,2
CA-2019-157812,OFF-BI-10000285,DB-13210,2019-03-22,14.11,0.8,9
CA-2019-161627,FUR-CH-10003968,SJ-20215,2019-07-06,170.35,0.2,3
CA-2019-162166,OFF-PA-10002606,NM-18520,2019-09-08,26.4,0.0,5
CA-2019-162166,OFF-ST-10002486,NM-18520,2019-09-08,41.88,0.0,6
CA-2019-164882,OFF-PA-10000157,SG-20080,2019-10-31,19.98,0.0,1
CA-2019-164882,OFF-BI-10004519,SG-20080,2019-10-31,398.35,0.2,3
CA-2019-164882,OFF-AR-10004272,SG-20080,2019-10-31,5.04,0.0,3
CA-2019-164882,OFF-FA-10000585,SG-20080,2019-10-31,17.45,0.0,5
CA-2019-164882,FUR-CH-10004218,SG-20080,2019-10-31,323.14,0.2,4
CA-2019-164882,OFF-SU-10004231,SG-20080,2019-10-31,29.7,0.0,3
CA-2019-164882,TEC-PH-10001578,SG-20080,2019-10-31,1295.84,0.2,4
CA-2019-164882,OFF-ST-10003638,SG-20080,2019-10-31,46.84,0.0,2
CA-2019-164882,FUR-BO-10002213,SG-20080,2019-10-31,425.83,0.15,1
CA-2019-168480,FUR-BO-10000468,DM-12955,2019-09-21,194.32,0.0,4
CA-2019-168480,OFF-AR-10001044,DM-12955,2019-09-21,25.99,0.0,1
CA-2019-168564,OFF-BI-10004970,TT-21220,2019-08-08,6.61,0.2,2
CA-2019-168564,OFF-BI-10002557,TT-21220,2019-08-08,7.28,0.2,2
CA-2019-168564,FUR-CH-10000785,TT-21220,2019-08-08,144.78,0.2,1
CA-2019-169397,OFF-BI-10002852,JB-15925,2019-12-24,19.78,0.7,4
CA-2019-169397,OFF-FA-10000585,JB-15925,2019-12-24,5.58,0.2,2
CA-2019-169397,OFF-PA-10004000,JB-15925,2019-12-24,22.7,0.2,6
CA-2019-169397,FUR-FU-10000087,JB-15925,2019-12-24,72.7,0.2,4
CA-2019-169397,TEC-MA-10001148,JB-15925,2019-12-24,479.99,0.7,4
CA-2019-169397,OFF-AR-10001958,JB-15925,2019-12-24,27.17,0.2,2
CA-2020-104689,OFF-AR-10001149,FH-14365,2020-12-01,23.04,0.0,8
CA-2020-105081,FUR-CH-10000847,JE-15715,2020-12-25,698.35,0.2,3
CA-2020-105081,FUR-TA-10001307,JE-15715,2020-12-25,1747.25,0.0,5
CA-2020-105291,OFF-FA-10003059,SP-20920,2020-10-30,3.62,0.0,2
CA-2020-105585,OFF-FA-10002983,RF-19735,2020-08-26,10.23,0.0,3
CA-2020-105585,OFF-PA-10003625,RF-19735,2020-08-26,154.9,0.0,5
CA-2020-106950,OFF-BI-10000014,JE-15715,2020-09-02,22.91,0.7,7
CA-2020-106950,OFF-AP-10000159,JE-15715,2020-09-02,309.46,0.2,9
CA-2020-106950,OFF-AR-10003560,JE-15715,2020-09-02,19.46,0.2,4
CA-2020-106950,FUR-TA-10001768,JE-15715,2020-09-02,472.52,0.4,3
CA-2020-106950,TEC-AC-10002049,JE-15715,2020-09-02,1012.68,0.2,3
CA-2020-106950,OFF-BI-10003166,JE-15715,2020-09-02,17.22,0.7,5
CA-2020-109806,TEC-PH-10004093,JS-15685,2020-09-17,73.58,0.2,2
CA-2020-109806,OFF-AR-10004930,JS-15685,2020-09-17,20.1,0.0,3
CA-2020-109806,OFF-PA-10000304,JS-15685,2020-09-17,6.48,0.0,1
CA-2020-109869,FUR-FU-10000023,TN-21040,2020-04-22,23.56,0.2,5
CA-2020-109869,FUR-TA-10001889,TN-21040,2020-04-22,1272.63,0.5,6
CA-2020-109869,OFF-BI-10000315,TN-21040,2020-04-22,28.48,0.7,5
CA-2020-109869,OFF-SU-10003505,TN-21040,2020-04-22,185.38,0.2,2
CA-2020-109869,OFF-AP-10002578,TN-21040,2020-04-22,78.27,0.2,2
CA-2020-111682,TEC-AC-10002167,TB-21055,2020-06-17,30.0,0.0,2
CA-2020-111682,OFF-ST-10000604,TB-21055,2020-06-17,208.56,0.0,6
CA-2020-111682,OFF-PA-10001569,TB-21055,2020-06-17,32.4,0.0,5
CA-2020-111682,FUR-CH-10003968,TB-21055,2020-06-17,319.41,0.1,5
CA-2020-111682,OFF-PA-10000587,TB-21055,2020-06-17,14.56,0.0,2
CA-2020-111682,OFF-BI-10001460,TB-21055,2020-06-17,48.48,0.2,4
CA-2020-111682,OFF-AR-10001868,TB-21055,2020-06-17,1.68,0.0,1
CA-2020-112123,OFF-BI-10001071,BH-11710,2020-03-03,447.86,0.0,7
CA-2020-112123,TEC-PH-10001557,BH-11710,2020-03-03,479.95,0.0,5
CA-2020-112123,OFF-PA-10001977,BH-11710,2020-03-03,166.44,0.0,3
CA-2020-112340,OFF-PA-10001892,NM-18520,2020-10-21,22.92,0.0,3
CA-2020-113341,FUR-CH-10004698,MH-17455,2020-11-25,194.35,0.2,3
CA-2020-114307,OFF-AP-10002350,MF-17665,2020-07-22,37.68,0.0,2
CA-2020-114307,OFF-PA-10004100,MF-17665,2020-07-22,51.84,0.0,8
CA-2020-114307,FUR-FU-10000794,MF-17665,2020-07-22,27.42,0.0,3
CA-2020-114307,OFF-BI-10002012,MF-17665,2020-07-22,5.4,0.0,3
CA-2020-114727,OFF-BI-10004967,LS-16945,2020-07-18,1.87,0.7,3
CA-2020-114727,FUR-CH-10002331,LS-16945,2020-07-18,854.35,0.2,3
CA-2020-114727,OFF-ST-10000689,LS-16945,2020-07-18,338.04,0.2,3
CA-2020-114727,FUR-CH-10002335,LS-16945,2020-07-18,544.01,0.2,3
CA-2020-114727,OFF-ST-10002292,LS-16945,2020-07-18,593.57,0.2,2
CA-2020-115917,FUR-FU-10000576,RB-19465,2020-05-20,1049.2,0.0,5
CA-2020-115917,OFF-BI-10004728,RB-19465,2020-05-20,15.42,0.2,4
CA-2020-116547,FUR-FU-10000076,KB-16585,2020-01-10,79.92,0.0,4
CA-2020-116547,TEC-AC-10002335,KB-16585,2020-01-10,69.98,0.0,2
CA-2020-116736,FUR-FU-10004017,CC-12430,2020-01-17,322.59,0.0,3
CA-2020-116736,TEC-AC-10003628,CC-12430,2020-01-17,29.99,0.0,1
CA-2020-116736,TEC-AC-10002049,CC-12430,2020-01-17,371.97,0.0,3
CA-2020-118311,TEC-AC-10000892,ED-13885,2020-10-24,450.0,0.0,5
CA-2020-118500,OFF-SU-10004231,HJ-14875,2020-11-17,49.5,0.0,5
CA-2020-118899,FUR-CH-10004754,MC-17275,2020-03-22,167.89,0.2,7
CA-2020-120873,FUR-CH-10000847,BW-11200,2020-10-27,290.98,0.0,1
CA-2020-123526,OFF-PA-10002986,BV-11245,2020-12-24,33.4,0.0,5
CA-2020-124527,OFF-BI-10004967,IM-15055,2020-11-16,8.32,0.2,5
CA-2020-126529,OFF-PA-10001166,DE-13255,2020-01-11,15.55,0.2,3
CA-2020-126529,OFF-PA-10003656,DE-13255,2020-01-11,63.31,0.2,3
CA-2020-126529,TEC-PH-10000148,DE-13255,2020-01-11,15.59,0.4,2
CA-2020-126732,FUR-FU-10001889,LR-16915,2020-09-02,94.68,0.0,9
CA-2020-126732,OFF-ST-10000321,LR-16915,2020-09-02,23.67,0.0,3
CA-2020-126732,TEC-PH-10001530,LR-16915,2020-09-02,1091.17,0.2,4
CA-2020-126732,OFF-AR-10004752,LR-16915,2020-09-02,18.69,0.0,7
CA-2020-126732,FUR-TA-10001539,LR-16915,2020-09-02,568.73,0.2,3
CA-2020-126732,OFF-BI-10001553,LR-16915,2020-09-02,7.31,0.2,1
CA-2020-128671,OFF-PA-10001870,MT-18070,2020-08-11,32.4,0.0,5
CA-2020-128671,OFF-BI-10003305,MT-18070,2020-08-11,41.86,0.0,7
CA-2020-128671,OFF-BI-10003007,MT-18070,2020-08-11,77.56,0.0,2
CA-2020-130477,OFF-ST-10002583,LC-17140,2020-04-08,64.96,0.0,2
CA-2020-130477,OFF-PA-10002947,LC-17140,2020-04-08,20.04,0.0,3
CA-2020-130477,OFF-PA-10000019,LC-17140,2020-04-08,12.96,0.0,2
CA-2020-130638,FUR-FU-10002116,SC-20095,2020-05-16,282.84,0.0,4
CA-2020-130638,OFF-LA-10002195,SC-20095,2020-05-16,27.72,0.0,9
CA-2020-130680,TEC-PH-10004833,BD-11320,2020-06-24,38.24,0.2,4
CA-2020-133319,OFF-PA-10001815,MV-17485,2020-09-05,192.16,0.0,4
CA-2020-133368,OFF-PA-10004039,AG-10675,2020-01-14,89.57,0.2,2
CA-2020-133368,FUR-FU-10003374,AG-10675,2020-01-14,315.78,0.2,8
CA-2020-133802,OFF-BI-10003291,SP-20650,2020-03-14,41.9,0.2,6
CA-2020-134775,OFF-PA-10004734,AS-10285,2020-10-28,50.96,0.0,7
CA-2020-134775,OFF-BI-10002225,AS-10285,2020-10-28,49.54,0.2,3
CA-2020-134803,OFF-AP-10000891,CL-12565,2020-05-28,262.24,0.0,2
CA-2020-134803,OFF-PA-10003790,CL-12565,2020-05-28,182.72,0.0,8
CA-2020-134803,TEC-AC-10002217,CL-12565,2020-05-28,131.6,0.0,7
CA-2020-134803,OFF-BI-10002215,CL-12565,2020-05-28,22.72,0.2,4
CA-2020-134803,TEC-MA-10001972,CL-12565,2020-05-28,558.4,0.2,2
CA-2020-136483,OFF-AR-10000940,AG-10390,2020-12-01,4.7,0.2,2
CA-2020-136924,TEC-PH-10002262,ES-14080,2020-07-14,380.86,0.2,8
CA-2020-138282,OFF-AP-10004249,AH-10690,2020-05-19,87.84,0.0,8
CA-2020-139269,FUR-FU-10000755,JB-16045,2020-05-25,24.96,0.0,4
CA-2020-139269,OFF-PA-10002893,JB-16045,2020-05-25,19.36,0.0,2
CA-2020-139269,OFF-ST-10000689,JB-16045,2020-05-25,1267.65,0.0,9
CA-2020-142398,FUR-CH-10001545,BP-11290,2020-04-12,638.29,0.2,7
CA-2020-142398,OFF-BI-10004826,BP-11290,2020-04-12,13.21,0.2,1
CA-2020-145261,OFF-BI-10001670,AH-10120,2020-12-18,45.24,0.7,4
CA-2020-145261,OFF-AR-10004078,AH-10120,2020-12-18,18.69,0.2,4
CA-2020-145261,OFF-PA-10003036,AH-10120,2020-12-18,11.65,0.2,2
CA-2020-145261,TEC-AC-10000991,AH-10120,2020-12-18,112.78,0.2,3
CA-2020-145261,FUR-TA-10002530,AH-10120,2020-12-18,377.45,0.5,5
CA-2020-145261,OFF-LA-10000407,AH-10120,2020-12-18,15.94,0.2,4
CA-2020-145261,TEC-PH-10004833,AH-10120,2020-12-18,28.68,0.2,3
CA-2020-145492,OFF-AP-10003622,MC-17605,2020-11-20,39.0,0.0,12
CA-2020-145583,FUR-FU-10001706,LC-16885,2020-10-13,43.12,0.0,14
CA-2020-145583,OFF-PA-10001804,LC-16885,2020-10-13,20.04,0.0,3
CA-2020-145583,OFF-PA-10001736,LC-16885,2020-10-13,35.44,0.0,1
CA-2020-145583,OFF-AR-10001149,LC-16885,2020-10-13,11.52,0.0,4
CA-2020-145583,OFF-FA-10002988,LC-16885,2020-10-13,4.02,0.0,2
CA-2020-145583,OFF-BI-10004781,LC-16885,2020-10-13,76.18,0.2,3
CA-2020-145583,OFF-SU-10001218,LC-16885,2020-10-13,65.88,0.0,6
CA-2020-145919,OFF-SU-10003505,HG-14965,2020-12-18,579.3,0.0,5
CA-2020-145919,OFF-PA-10003072,HG-14965,2020-12-18,38.88,0.0,6
CA-2020-145919,FUR-FU-10004960,HG-14965,2020-12-18,183.84,0.0,8
CA-2020-145982,OFF-PA-10000675,TB-21055,2020-08-27,122.97,0.0,3
CA-2020-145982,FUR-TA-10001307,TB-21055,2020-08-27,244.62,0.3,1
CA-2020-145982,TEC-PH-10000011,TB-21055,2020-08-27,59.97,0.0,3
CA-2020-145982,OFF-PA-10002666,TB-21055,2020-08-27,81.54,0.0,9
CA-2020-145982,OFF-FA-10002780,TB-21055,2020-08-27,11.68,0.0,4
CA-2020-145982,OFF-BI-10000174,TB-21055,2020-08-27,29.0,0.0,5
CA-2020-147375,OFF-PA-10001970,PO-19180,2020-06-12,313.49,0.2,7
CA-2020-147375,TEC-MA-10002937,PO-19180,2020-06-12,1007.98,0.3,3
CA-2020-148796,FUR-CH-10004886,PB-19150,2020-04-14,383.8,0.2,5
CA-2020-150077,TEC-PH-10002890,MS-17365,2020-02-04,90.48,0.0,2
CA-2020-151323,OFF-FA-10002983,AB-10255,2020-10-23,17.05,0.0,5
CA-2020-151372,OFF-PA-10004381,JH-15985,2020-09-05,96.08,0.0,2
CA-2020-151372,OFF-BI-10000050,JH-15985,2020-09-05,11.68,0.2,2
CA-2020-151372,OFF-FA-10000304,JH-15985,2020-09-05,4.36,0.0,2
CA-2020-152814,OFF-PA-10001970,EH-14005,2020-04-28,29.47,0.2,3
CA-2020-157280,FUR-FU-10004665,LW-17125,2020-11-05,273.96,0.0,2
CA-2020-157280,TEC-AC-10000057,LW-17125,2020-11-05,89.97,0.0,3
CA-2020-157280,FUR-FU-10003806,LW-17125,2020-11-05,756.8,0.0,5
CA-2020-159023,OFF-BI-10002813,NW-18400,2020-11-03,4.16,0.7,7
CA-2020-159023,TEC-MA-10003337,NW-18400,2020-11-03,179.99,0.7,3
CA-2020-159212,TEC-PH-10003988,KM-16375,2020-11-01,21.8,0.0,2
CA-2020-159212,OFF-EN-10002230,KM-16375,2020-11-01,251.79,0.0,3
CA-2020-159345,OFF-PA-10000806,IG-15085,2020-06-17,111.96,0.0,2
CA-2020-161746,FUR-CH-10004626,CS-11950,2020-10-21,242.14,0.2,3
CA-2020-161746,OFF-AR-10000390,CS-11950,2020-10-21,12.39,0.0,3
CA-2020-161746,FUR-FU-10003731,CS-11950,2020-10-21,19.96,0.0,2
CA-2020-161746,OFF-ST-10002743,CS-11950,2020-10-21,340.92,0.0,3
CA-2020-162138,OFF-BI-10004593,GK-14620,2020-04-23,251.52,0.2,6
CA-2020-162138,TEC-AC-10001908,GK-14620,2020-04-23,99.99,0.0,1
CA-2020-162159,FUR-CH-10001146,CR-12625,2020-09-16,121.78,0.0,2
CA-2020-165330,OFF-BI-10004593,WB-21850,2020-12-11,209.6,0.2,5
CA-2020-165330,OFF-AR-10000914,WB-21850,2020-12-11,23.32,0.0,2
CA-2020-165330,OFF-PA-10000241,WB-21850,2020-12-11,30.98,0.0,1
CA-2020-165330,TEC-AC-10000057,WB-21850,2020-12-11,119.96,0.0,4
CA-2020-165330,FUR-CH-10003774,WB-21850,2020-12-11,363.92,0.2,5
CA-2020-165330,OFF-BI-10002824,WB-21850,2020-12-11,35.81,0.2,3
CA-2020-165330,OFF-BI-10004001,WB-21850,2020-12-11,122.69,0.2,9
CA-2020-165330,FUR-TA-10004619,WB-21850,2020-12-11,892.14,0.2,7
CA-2020-165330,OFF-ST-10000636,WB-21850,2020-12-11,50.22,0.0,3
CA-2020-165330,OFF-AP-10001469,WB-21850,2020-12-11,83.42,0.0,2
CA-2020-165330,OFF-BI-10002897,WB-21850,2020-12-11,5.87,0.2,2
CA-2020-166275,TEC-AC-10001838,SS-20590,2020-10-24,199.99,0.0,1
CA-2020-167759,TEC-PH-10003171,CC-12670,2020-03-03,134.85,0.0,3
CA-2020-168921,OFF-BI-10004209,AG-10495,2020-10-20,19.3,0.2,3
CA-2021-100111,FUR-CH-10003846,SV-20365,2021-09-20,272.65,0.1,3
CA-2021-100111,TEC-AC-10002647,SV-20365,2021-09-20,212.8,0.0,2
CA-2021-100111,OFF-PA-10000807,SV-20365,2021-09-20,38.52,0.0,9
CA-2021-100111,TEC-AC-10001465,SV-20365,2021-09-20,72.64,0.0,2
CA-2021-100111,OFF-ST-10000615,SV-20365,2021-09-20,45.4,0.0,4
CA-2021-100111,OFF-PA-10002713,SV-20365,2021-09-20,13.76,0.0,2
CA-2021-100111,FUR-CH-10003061,SV-20365,2021-09-20,80.99,0.1,1
CA-2021-100111,OFF-BI-10000343,SV-20365,2021-09-20,11.78,0.2,3
CA-2021-100111,OFF-FA-10000304,SV-20365,2021-09-20,4.36,0.0,2
CA-2021-100111,FUR-CH-10004086,SV-20365,2021-09-20,2888.13,0.1,11
CA-2021-100111,TEC-PH-10002885,SV-20365,2021-09-20,1299.66,0.0,2
CA-2021-100111,FUR-CH-10001215,SV-20365,2021-09-20,2254.41,0.1,5
CA-2021-100111,TEC-PH-10000215,SV-20365,2021-09-20,104.85,0.0,3
CA-2021-100111,TEC-AC-10001998,SV-20365,2021-09-20,59.97,0.0,3
CA-2021-101273,OFF-AP-10000804,ST-20530,2021-08-27,14.34,0.2,4
CA-2021-101574,FUR-FU-10001706,BD-11725,2021-09-28,9.24,0.0,3
CA-2021-101700,OFF-EN-10001990,SO-20335,2021-04-23,18.69,0.2,2
CA-2021-101700,FUR-FU-10001025,SO-20335,2021-04-23,11.66,0.2,3
CA-2021-101805,OFF-BI-10002003,SH-19975,2021-12-01,15.92,0.2,5
CA-2021-101805,FUR-FU-10000023,SH-19975,2021-12-01,70.68,0.0,12
CA-2021-101805,OFF-ST-10002756,SH-19975,2021-12-01,541.24,0.0,4
CA-2021-102519,FUR-FU-10004091,BM-11650,2021-11-27,46.94,0.0,1
CA-2021-102519,TEC-AC-10001772,BM-11650,2021-11-27,143.73,0.0,9
CA-2021-103380,OFF-ST-10003442,BF-11005,2021-11-21,56.56,0.0,2
CA-2021-103380,OFF-AR-10003856,BF-11005,2021-11-21,5.56,0.0,2
CA-2021-103380,OFF-FA-10004248,BF-11005,2021-11-21,9.02,0.0,2
CA-2021-103380,OFF-AP-10001492,BF-11005,2021-11-21,8.62,0.0,1
CA-2021-103380,TEC-PH-10004165,BF-11005,2021-11-21,659.98,0.2,3
CA-2021-107825,OFF-ST-10001321,NB-18655,2021-11-18,92.52,0.0,6
CA-2021-107825,OFF-ST-10000777,NB-18655,2021-11-18,37.76,0.0,1
CA-2021-107825,OFF-LA-10003720,NB-18655,2021-11-18,7.38,0.0,2
CA-2021-107825,FUR-FU-10000206,NB-18655,2021-11-18,5.82,0.0,2
CA-2021-108294,OFF-BI-10004965,LS-16975,2021-12-10,34.5,0.0,3
CA-2021-108931,OFF-PA-10002741,HZ-14950,2021-09-14,8.56,0.0,2
CA-2021-108931,OFF-PA-10003845,HZ-14950,2021-09-14,11.56,0.0,2
CA-2021-109085,FUR-TA-10001086,CK-12325,2021-02-17,455.97,0.4,5
CA-2021-109085,OFF-BI-10001525,CK-12325,2021-02-17,5.72,0.7,5
CA-2021-109085,TEC-PH-10000526,CK-12325,2021-02-17,57.59,0.4,1
CA-2021-109085,FUR-FU-10004973,CK-12325,2021-02-17,30.14,0.2,2
CA-2021-109085,FUR-CH-10003981,CK-12325,2021-02-17,899.43,0.3,5
CA-2021-111556,OFF-PA-10003651,CD-11920,2021-11-20,46.76,0.0,7
CA-2021-111556,FUR-BO-10003159,CD-11920,2021-11-20,183.97,0.2,2
CA-2021-111556,TEC-PH-10001459,CD-11920,2021-11-20,1259.97,0.0,3
CA-2021-111556,OFF-AR-10004602,CD-11920,2021-11-20,68.97,0.0,3
CA-2021-112725,OFF-AR-10003759,EH-14125,2021-01-30,12.74,0.0,7
CA-2021-112725,OFF-AR-10001227,EH-14125,2021-01-30,8.82,0.0,3
CA-2021-112725,FUR-CH-10000863,EH-14125,2021-01-30,120.78,0.2,1
CA-2021-112753,FUR-BO-10004015,CC-12670,2021-06-18,917.92,0.15,9
CA-2021-112753,OFF-PA-10002036,CC-12670,2021-06-18,38.88,0.0,6
CA-2021-112865,TEC-AC-10000387,BH-11710,2021-05-18,36.05,0.2,3
CA-2021-113670,FUR-TA-10001705,RS-19765,2021-10-15,510.24,0.2,3
CA-2021-113670,OFF-PA-10000675,RS-19765,2021-10-15,204.95,0.0,5
CA-2021-115427,OFF-BI-10002103,EB-13975,2021-12-30,13.9,0.2,2
CA-2021-115427,OFF-BI-10004632,EB-13975,2021-12-30,20.72,0.2,2
CA-2021-115994,TEC-AC-10000580,BT-11305,2021-01-28,239.97,0.0,3
CA-2021-115994,FUR-FU-10003976,BT-11305,2021-01-28,37.74,0.0,3
CA-2021-117212,OFF-PA-10001970,BT-11530,2021-02-26,223.92,0.0,4
CA-2021-117212,OFF-AP-10004532,BT-11530,2021-02-26,81.92,0.0,4
CA-2021-117212,TEC-PH-10004447,BT-11530,2021-02-26,889.54,0.2,8
CA-2021-117212,FUR-CH-10003973,BT-11530,2021-02-26,892.22,0.2,3
CA-2021-117212,OFF-PA-10000682,BT-11530,2021-02-26,23.12,0.0,4
CA-2021-117513,FUR-TA-10001520,BT-11395,2021-03-03,399.67,0.2,7
CA-2021-117926,OFF-AP-10002670,AS-10225,2021-12-08,69.48,0.0,1
CA-2021-118122,OFF-BI-10002103,GG-14650,2021-11-17,13.9,0.2,2
CA-2021-118542,OFF-PA-10004735,CC-12550,2021-12-01,45.36,0.0,7
CA-2021-118542,OFF-BI-10003429,CC-12550,2021-12-01,10.13,0.2,2
CA-2021-119284,TEC-PH-10001051,TS-21205,2021-06-15,239.98,0.2,3
CA-2021-119284,FUR-FU-10004351,TS-21205,2021-06-15,31.17,0.2,4
CA-2021-119284,FUR-TA-10004152,TS-21205,2021-06-15,120.96,0.4,2
CA-2021-119284,TEC-PH-10000560,TS-21205,2021-06-15,2239.94,0.2,8
CA-2021-119284,OFF-AP-10004249,TS-21205,2021-06-15,76.61,0.2,8
CA-2021-119284,OFF-ST-10001490,TS-21205,2021-06-15,142.78,0.2,1
CA-2021-119284,OFF-PA-10000312,TS-21205,2021-06-15,91.36,0.2,5
CA-2021-121258,FUR-FU-10000747,DB-13060,2021-02-26,91.96,0.0,2
CA-2021-121258,TEC-PH-10003645,DB-13060,2021-02-26,258.58,0.2,2
CA-2021-121258,OFF-PA-10004041,DB-13060,2021-02-26,29.6,0.0,4
CA-2021-121853,OFF-PA-10003641,DB-13660,2021-09-23,211.04,0.0,8
CA-2021-121853,FUR-CH-10003973,DB-13660,2021-09-23,594.82,0.2,2
CA-2021-121853,OFF-BI-10000977,DB-13660,2021-09-23,72.96,0.2,3
CA-2021-122007,OFF-AP-10000358,JK-15325,2021-03-18,90.86,0.0,7
CA-2021-122504,TEC-AC-10003289,DB-13270,2021-11-07,59.97,0.0,3
CA-2021-122504,TEC-PH-10002468,DB-13270,2021-11-07,761.54,0.2,7
CA-2021-123085,TEC-AC-10000990,EJ-13720,2021-03-03,1049.44,0.0,8
CA-2021-123085,FUR-CH-10003968,EJ-13720,2021-03-03,170.35,0.2,3
CA-2021-123491,FUR-CH-10003061,JK-15205,2021-10-30,71.99,0.2,1
CA-2021-123491,OFF-AP-10002684,JK-15205,2021-10-30,1702.12,0.0,14
CA-2021-123491,OFF-AR-10003514,JK-15205,2021-10-30,19.9,0.0,5
CA-2021-123491,TEC-PH-10003505,JK-15205,2021-10-30,148.48,0.2,2
CA-2021-123491,OFF-LA-10003077,JK-15205,2021-10-30,43.86,0.0,6
CA-2021-123491,OFF-PA-10003424,JK-15205,2021-10-30,7.42,0.0,2
CA-2021-124401,OFF-ST-10000649,RD-19900,2021-09-07,37.68,0.2,3
CA-2021-124401,TEC-AC-10002926,RD-19900,2021-09-07,279.94,0.2,7
CA-2021-127306,OFF-EN-10001219,BH-11710,2021-01-14,18.34,0.2,3
CA-2021-127306,OFF-PA-10000019,BH-11710,2021-01-14,36.29,0.2,7
CA-2021-127306,TEC-PH-10001924,BH-11710,2021-01-14,111.98,0.2,2
CA-2021-127306,OFF-BI-10002003,BH-11710,2021-01-14,5.97,0.7,5
CA-2021-127306,OFF-BI-10003727,BH-11710,2021-01-14,2.51,0.7,2
CA-2021-128965,OFF-PA-10004911,PS-18760,2021-04-17,28.14,0.0,3
CA-2021-128965,OFF-LA-10001404,PS-18760,2021-04-17,7.38,0.0,2
CA-2021-128965,OFF-FA-10001561,PS-18760,2021-04-17,10.9,0.0,5
CA-2021-128965,TEC-AC-10001383,PS-18760,2021-04-17,274.89,0.0,11
CA-2021-128965,OFF-LA-10003190,PS-18760,2021-04-17,23.04,0.0,8
CA-2021-128965,FUR-CH-10003774,PS-18760,2021-04-17,218.35,0.2,3
CA-2021-129707,OFF-AR-10000246,LH-16750,2021-04-25,8.9,0.2,4
CA-2021-130631,OFF-FA-10000089,BS-11755,2021-12-29,19.6,0.0,5
CA-2021-130631,FUR-FU-10004093,BS-11755,2021-12-29,68.46,0.0,2
CA-2021-131492,OFF-EN-10002973,HH-15010,2021-10-19,8.96,0.0,2
CA-2021-131492,OFF-LA-10001641,HH-15010,2021-10-19,31.5,0.0,10
CA-2021-131492,FUR-FU-10003878,HH-15010,2021-10-19,30.56,0.0,2
CA-2021-131492,FUR-TA-10003837,HH-15010,2021-10-19,24.37,0.2,2
CA-2021-131618,OFF-PA-10001892,LS-17200,2021-06-17,12.22,0.2,2
CA-2021-131618,OFF-BI-10000546,LS-17200,2021-06-17,2.3,0.8,4
CA-2021-131618,OFF-BI-10001294,LS-17200,2021-06-17,9.36,0.8,4
CA-2021-131807,FUR-CH-10001190,GG-14650,2021-10-05,435.17,0.2,4
CA-2021-131807,OFF-FA-10002780,GG-14650,2021-10-05,14.9,0.0,5
CA-2021-131807,OFF-AP-10004052,GG-14650,2021-10-05,15.8,0.0,4
CA-2021-131807,FUR-FU-10004666,GG-14650,2021-10-05,72.9,0.0,5
CA-2021-131807,FUR-TA-10004086,GG-14650,2021-10-05,206.35,0.2,3
CA-2021-131807,TEC-PH-10000702,GG-14650,2021-10-05,7.99,0.2,1
CA-2021-131828,FUR-CH-10004495,CS-11845,2021-02-11,963.14,0.2,4
CA-2021-131828,TEC-PH-10002923,CS-11845,2021-02-11,88.78,0.2,3
CA-2021-132346,OFF-AP-10000696,PK-19075,2021-11-07,100.94,0.0,7
CA-2021-134194,OFF-BI-10003684,GA-14725,2021-12-25,39.58,0.8,9
CA-2021-134194,OFF-SU-10001225,GA-14725,2021-12-25,44.69,0.2,7
CA-2021-134194,OFF-AR-10001615,GA-14725,2021-12-25,31.74,0.2,2
CA-2021-134194,OFF-BI-10001597,GA-14725,2021-12-25,40.98,0.8,5
CA-2021-134194,OFF-BI-10001116,GA-14725,2021-12-25,3.17,0.8,3
CA-2021-135692,OFF-LA-10001158,CV-12805,2021-04-27,33.12,0.2,4
CA-2021-135692,FUR-BO-10002268,CV-12805,2021-04-27,220.27,0.32,4
CA-2021-136308,TEC-MA-10000488,MW-18235,2021-11-16,1919.98,0.2,3
CA-2021-136539,OFF-AR-10001958,GH-14665,2021-12-28,27.17,0.2,2
CA-2021-136539,FUR-BO-10004709,GH-14665,2021-12-28,78.85,0.32,2
CA-2021-136651,FUR-FU-10002445,JF-15355,2021-04-23,66.36,0.0,7
CA-2021-136651,OFF-BI-10003638,JF-15355,2021-04-23,92.88,0.2,6
CA-2021-136651,FUR-FU-10004864,JF-15355,2021-04-23,24.14,0.0,2
CA-2021-137085,OFF-BI-10000632,CT-11995,2021-06-29,312.55,0.2,9
CA-2021-137099,TEC-PH-10002496,FP-14320,2021-12-07,374.38,0.2,3
CA-2021-137414,FUR-FU-10001424,CM-12115,2021-10-02,17.46,0.0,2
CA-2021-137414,TEC-MA-10002930,CM-12115,2021-10-02,369.16,0.2,11
CA-2021-137428,FUR-CH-10002774,AY-10555,2021-12-16,81.57,0.2,2
CA-2021-137428,FUR-CH-10003817,AY-10555,2021-12-16,97.18,0.2,2
CA-2021-137428,OFF-BI-10002949,AY-10555,2021-12-16,24.32,0.2,5
CA-2021-137428,FUR-FU-10002445,AY-10555,2021-12-16,18.96,0.0,2
CA-2021-138163,OFF-AR-10001958,XP-21865,2021-11-17,50.94,0.0,3
CA-2021-140053,FUR-FU-10003708,CA-12265,2021-07-03,545.85,0.0,9
CA-2021-140151,OFF-ST-10001558,RB-19360,2021-03-23,32.48,0.0,2
CA-2021-140151,OFF-PA-10002986,RB-19360,2021-03-23,20.04,0.0,3
CA-2021-140151,TEC-CO-10004722,RB-19360,2021-03-23,13999.96,0.0,4
CA-2021-140186,OFF-FA-10002280,PG-18820,2021-09-29,35.0,0.0,7
CA-2021-140186,FUR-CH-10002961,PG-18820,2021-09-29,72.78,0.2,1
CA-2021-140186,OFF-AP-10002578,PG-18820,2021-09-29,97.84,0.0,2
CA-2021-140186,FUR-FU-10004848,PG-18820,2021-09-29,51.75,0.0,1
CA-2021-140186,OFF-BI-10003364,PG-18820,2021-09-29,46.67,0.2,2
CA-2021-140585,TEC-AC-10003610,RA-19915,2021-12-18,119.98,0.0,2
CA-2021-140585,OFF-BI-10003364,RA-19915,2021-12-18,46.67,0.2,2
CA-2021-140585,FUR-BO-10002206,RA-19915,2021-12-18,119.83,0.15,1
CA-2021-140963,OFF-LA-10003923,MT-18070,2021-06-10,29.6,0.0,2
CA-2021-140963,FUR-BO-10001337,MT-18070,2021-06-10,514.16,0.15,5
CA-2021-140963,TEC-PH-10001924,MT-18070,2021-06-10,279.96,0.2,5
CA-2021-141929,OFF-BI-10004632,RA-19285,2021-09-04,487.98,0.2,2
CA-2021-141929,TEC-PH-10002185,RA-19285,2021-09-04,5.56,0.2,1
CA-2021-141929,OFF-ST-10002974,RA-19285,2021-09-04,217.85,0.0,5
CA-2021-142328,OFF-PA-10000380,TC-21535,2021-12-07,50.04,0.0,6
CA-2021-142342,OFF-PA-10004609,AJ-10795,2021-07-17,32.4,0.0,5
CA-2021-142342,OFF-EN-10003448,AJ-10795,2021-07-17,57.9,0.0,5
CA-2021-142342,OFF-ST-10002957,AJ-10795,2021-07-17,10.56,0.0,2
CA-2021-142342,FUR-BO-10002613,AJ-10795,2021-07-17,1194.16,0.15,5
CA-2021-142867,OFF-BI-10003166,PO-19180,2021-03-17,13.78,0.8,6
CA-2021-142867,OFF-PA-10004610,PO-19180,2021-03-17,10.27,0.2,3
CA-2021-142888,FUR-TA-10004767,BP-11230,2021-11-21,70.98,0.0,1
CA-2021-143084,OFF-AR-10003251,BP-11050,2021-03-18,13.9,0.0,5
CA-2021-143084,OFF-EN-10003072,BP-11050,2021-03-18,19.4,0.0,5
CA-2021-144064,OFF-LA-10004544,CP-12085,2021-08-29,47.36,0.2,4
CA-2021-144064,OFF-ST-10004507,CP-12085,2021-08-29,27.44,0.2,2
CA-2021-144064,OFF-BI-10002012,CP-12085,2021-08-29,3.24,0.8,9
CA-2021-145128,FUR-FU-10000293,SM-20320,2021-07-09,526.45,0.0,5
CA-2021-145772,TEC-AC-10003038,SS-20140,2021-06-03,44.75,0.0,5
CA-2021-145772,OFF-PA-10001593,SS-20140,2021-06-03,11.96,0.0,2
CA-2021-145772,OFF-BI-10002049,SS-20140,2021-06-03,3.91,0.2,1
CA-2021-147452,OFF-PA-10001838,CS-11845,2021-09-30,11.76,0.0,2
CA-2021-147452,OFF-PA-10004039,CS-11845,2021-09-30,167.94,0.0,3
CA-2021-147452,OFF-AP-10001626,CS-11845,2021-09-30,3.89,0.0,1
CA-2021-150609,OFF-BI-10002071,NZ-18565,2021-04-30,23.24,0.2,5
CA-2021-150910,FUR-TA-10002903,JL-15130,2021-12-22,934.96,0.4,6
CA-2021-150910,TEC-AC-10001013,JL-15130,2021-12-22,46.86,0.2,2
CA-2021-150910,OFF-ST-10000918,JL-15130,2021-12-22,26.16,0.2,3
CA-2021-150910,OFF-AR-10001419,JL-15130,2021-12-22,23.13,0.2,7
CA-2021-150910,OFF-AP-10003266,JL-15130,2021-12-22,59.24,0.2,5
CA-2021-152660,OFF-ST-10000532,CB-12415,2021-12-04,61.57,0.2,2
CA-2021-153822,OFF-ST-10000321,AB-10105,2021-09-19,12.62,0.2,2
CA-2021-153822,TEC-AC-10000109,AB-10105,2021-09-19,89.58,0.2,2
CA-2021-153822,TEC-PH-10002415,AB-10105,2021-09-19,471.92,0.2,2
CA-2021-153822,OFF-BI-10001460,AB-10105,2021-09-19,18.18,0.7,4
CA-2021-154074,FUR-CH-10002331,BW-11110,2021-08-31,569.57,0.2,2
CA-2021-154074,OFF-ST-10002370,BW-11110,2021-08-31,149.73,0.0,7
CA-2021-154214,FUR-FU-10000206,TB-21595,2021-03-20,2.91,0.0,1
CA-2021-154949,OFF-LA-10002034,MC-17275,2021-10-15,14.73,0.0,3
CA-2021-155712,OFF-BI-10004224,KD-16615,2021-03-02,107.65,0.2,2
CA-2021-156391,OFF-AR-10003251,SL-20155,2021-09-26,2.22,0.2,1
CA-2021-156958,OFF-BI-10001524,PB-18805,2021-12-05,83.92,0.2,5
CA-2021-156958,FUR-FU-10003268,PB-18805,2021-12-05,199.9,0.0,5
CA-2021-156958,TEC-PH-10000148,PB-18805,2021-12-05,31.18,0.2,3
CA-2021-156958,OFF-BI-10001543,PB-18805,2021-12-05,172.75,0.2,6
CA-2021-156958,OFF-BI-10002071,PB-18805,2021-12-05,9.3,0.2,2
CA-2021-157196,OFF-PA-10003172,AA-10645,2021-11-05,12.96,0.0,2
CA-2021-158729,OFF-SU-10002881,AC-10450,2021-12-19,1665.62,0.0,2
CA-2021-159954,OFF-BI-10004876,SS-20410,2021-09-10,2.78,0.0,1
CA-2021-161459,TEC-PH-10004071,EB-13750,2021-11-25,39.96,0.2,5
CA-2021-161459,OFF-PA-10002377,EB-13750,2021-11-25,34.08,0.0,6
CA-2021-161557,FUR-FU-10004622,AG-10900,2021-09-03,108.4,0.6,5
CA-2021-161956,FUR-FU-10002937,DR-12880,2021-08-27,198.46,0.0,2
CA-2021-161956,OFF-AP-10001242,DR-12880,2021-08-27,321.92,0.0,4
CA-2021-161956,TEC-CO-10001571,DR-12880,2021-08-27,879.98,0.2,2
CA-2021-161956,OFF-SU-10002503,DR-12880,2021-08-27,28.4,0.0,5
CA-2021-161956,FUR-CH-10004886,DR-12880,2021-08-27,230.28,0.2,3
CA-2021-161956,OFF-PA-10001289,DR-12880,2021-08-27,116.28,0.0,3
CA-2021-161956,OFF-BI-10003650,DR-12880,2021-08-27,841.57,0.2,2
CA-2021-161956,OFF-ST-10001370,DR-12880,2021-08-27,354.9,0.0,5
CA-2021-162015,TEC-AC-10003832,KB-16240,2021-07-11,1287.45,0.0,5
CA-2021-162015,OFF-AP-10003040,KB-16240,2021-07-11,168.1,0.0,5
CA-2021-165008,OFF-BI-10002794,DO-13645,2021-09-15,295.06,0.2,9
CA-2021-165491,TEC-AC-10000358,HW-14935,2021-03-20,265.93,0.0,7
CA-2021-166093,OFF-EN-10001990,RW-19540,2021-08-17,23.36,0.0,2
CA-2021-166093,TEC-PH-10002564,RW-19540,2021-08-17,71.98,0.2,3
CA-2021-166093,OFF-PA-10003893,RW-19540,2021-08-17,8.56,0.0,2
CA-2021-166093,OFF-BI-10000174,RW-19540,2021-08-17,13.92,0.2,3
CA-2021-166093,OFF-AP-10001058,RW-19540,2021-08-17,2518.29,0.0,9
CA-2021-166093,OFF-ST-10001496,RW-19540,2021-08-17,540.57,0.0,3
CA-2021-166093,OFF-BI-10004230,RW-19540,2021-08-17,221.06,0.2,8
CA-2021-166142,OFF-BI-10004094,MM-17260,2021-07-15,26.55,0.0,3
CA-2021-166142,FUR-TA-10004607,MM-17260,2021-07-15,310.44,0.3,3
CA-2021-166898,TEC-PH-10002564,KH-16630,2021-09-11,143.95,0.2,6
CA-2021-166898,OFF-PA-10002262,KH-16630,2021-09-11,19.44,0.0,3
CA-2021-167003,FUR-TA-10001520,VS-21820,2021-05-23,171.29,0.2,3
CA-2021-167395,OFF-AP-10001293,KM-16720,2021-12-02,286.86,0.0,7
CA-2021-167395,TEC-PH-10004977,KM-16720,2021-12-02,979.95,0.0,5
CA-2021-167395,OFF-SU-10001225,KM-16720,2021-12-02,4.36,0.0,2
CA-2021-168193,OFF-PA-10002254,RM-19750,2021-03-06,26.38,0.0,1
CA-2021-168193,FUR-FU-10002554,RM-19750,2021-03-06,71.97,0.0,3
CA-2021-169327,OFF-AP-10001492,MH-17290,2021-09-02,43.1,0.0,5
CA-2021-169327,FUR-FU-10004188,MH-17290,2021-09-02,511.5,0.0,5
CA-2021-169327,OFF-BI-10004330,MH-17290,2021-09-02,147.92,0.2,5
CA-2021-169859,FUR-FU-10004963,MP-18175,2021-12-14,26.25,0.0,3
CA-2021-169859,OFF-BI-10000174,MP-18175,2021-12-14,64.96,0.2,14
CA-2021-169859,OFF-EN-10000461,MP-18175,2021-12-14,43.7,0.0,5
CA-2021-169894,OFF-BI-10004230,MV-17485,2021-11-24,20.72,0.7,2
CA-2021-169894,OFF-ST-10000060,MV-17485,2021-11-24,415.87,0.2,8
US-2018-105137,TEC-MA-10002694,RB-19435,2018-10-10,101.99,0.7,2
US-2018-105137,OFF-BI-10002429,RB-19435,2018-10-10,18.26,0.7,2
US-2018-138758,FUR-CH-10002880,JL-15835,2018-07-07,172.19,0.3,2
US-2018-138758,FUR-FU-10003039,JL-15835,2018-07-07,69.01,0.2,2
US-2018-140452,OFF-AP-10004036,BK-11260,2018-12-06,14.02,0.8,4
US-2018-140452,FUR-TA-10004086,BK-11260,2018-12-06,214.95,0.5,5
US-2018-140452,TEC-PH-10000307,BK-11260,2018-12-06,35.04,0.2,4
US-2018-140452,FUR-FU-10002088,BK-11260,2018-12-06,10.78,0.6,3
US-2018-140452,OFF-BI-10004965,BK-11260,2018-12-06,4.6,0.8,2
US-2018-140452,OFF-ST-10002485,BK-11260,2018-12-06,35.17,0.2,2
US-2018-143287,OFF-PA-10001776,KN-16705,2018-11-11,46.35,0.0,5
US-2018-143287,OFF-PA-10004039,KN-16705,2018-11-11,223.92,0.0,4
US-2018-143287,OFF-SU-10001574,KN-16705,2018-11-11,7.3,0.0,2
US-2018-150574,OFF-BI-10000773,MK-18160,2018-12-19,4.81,0.7,2
US-2018-150574,TEC-AC-10002600,MK-18160,2018-12-19,247.8,0.2,5
US-2018-164406,OFF-AP-10003287,BD-11605,2018-08-15,152.91,0.0,3
US-2018-164406,OFF-PA-10000167,BD-11605,2018-08-15,92.94,0.0,3
US-2018-164406,OFF-BI-10002309,BD-11605,2018-08-15,17.86,0.2,4
US-2018-164406,OFF-BI-10003638,BD-11605,2018-08-15,46.44,0.2,3
US-2018-164406,FUR-CH-10003833,BD-11605,2018-08-15,195.14,0.2,4
US-2018-164763,OFF-BI-10000605,MH-17440,2018-03-17,11.43,0.0,3
US-2018-164763,OFF-BI-10000309,MH-17440,2018-03-17,30.44,0.0,2
US-2018-164763,OFF-PA-10003349,MH-17440,2018-03-17,12.96,0.0,2
US-2018-164763,OFF-PA-10003063,MH-17440,2018-03-17,16.0,0.0,4
US-2018-164763,OFF-AP-10003971,MH-17440,2018-03-17,32.67,0.0,3
US-2019-110569,OFF-BI-10001036,EB-13870,2019-05-23,19.19,0.7,7
US-2019-110569,OFF-AP-10004708,EB-13870,2019-05-23,121.79,0.2,4
US-2019-126214,FUR-TA-10003748,JS-15880,2019-12-21,1618.37,0.0,13
US-2019-126214,TEC-AC-10003198,JS-15880,2019-12-21,99.6,0.0,1
US-2019-128090,OFF-AR-10002255,JM-15865,2019-08-16,2.3,0.2,1
US-2019-128090,TEC-PH-10002624,JM-15865,2019-08-16,1879.96,0.2,5
US-2019-128090,OFF-PA-10001878,JM-15865,2019-08-16,313.02,0.2,8
US-2019-128090,OFF-LA-10000452,JM-15865,2019-08-16,5.04,0.2,2
US-2019-136749,FUR-FU-10000747,LH-16900,2019-12-25,275.88,0.0,6
US-2019-136749,OFF-BI-10004492,LH-16900,2019-12-25,157.9,0.0,5
US-2019-136987,TEC-CO-10001943,AR-10540,2019-04-11,639.97,0.2,4
US-2019-136987,OFF-PA-10000249,AR-10540,2019-04-11,52.76,0.0,2
US-2019-137008,OFF-PA-10001295,JP-15460,2019-10-02,94.85,0.0,5
US-2019-137008,OFF-EN-10002500,JP-15460,2019-10-02,51.12,0.0,4
US-2019-137008,TEC-AC-10000892,JP-15460,2019-10-02,90.0,0.0,1
US-2019-160857,FUR-FU-10001095,NW-18400,2019-05-08,79.44,0.0,3
US-2019-160857,OFF-SU-10000157,NW-18400,2019-05-08,357.93,0.0,3
US-2019-160857,FUR-CH-10002647,NW-18400,2019-05-08,127.76,0.1,2
US-2019-160857,TEC-CO-10004115,NW-18400,2019-05-08,2799.94,0.2,7
US-2019-160857,OFF-PA-10003363,NW-18400,2019-05-08,19.44,0.0,3
US-2020-105578,OFF-BI-10001670,MY-17380,2020-05-30,22.62,0.7,2
US-2020-105578,OFF-BI-10001658,MY-17380,2020-05-30,14.95,0.7,2
US-2020-105578,FUR-CH-10001215,MY-17380,2020-05-30,801.57,0.2,2
US-2020-105578,OFF-BI-10000831,MY-17380,2020-05-30,2.38,0.7,3
US-2020-105578,OFF-PA-10000357,MY-17380,2020-05-30,32.79,0.2,1
US-2020-108455,OFF-PA-10002262,MK-18160,2020-12-02,25.92,0.0,4
US-2020-108455,OFF-PA-10002464,MK-18160,2020-12-02,40.46,0.0,7
US-2020-108455,OFF-ST-10002214,MK-18160,2020-12-02,33.87,0.0,3
US-2020-111528,OFF-ST-10001526,JP-16135,2020-12-30,481.32,0.0,4
US-2020-111528,OFF-BI-10002194,JP-16135,2020-12-30,6.38,0.2,1
US-2020-114230,OFF-ST-10000876,CM-12235,2020-11-27,39.81,0.2,4
US-2020-114293,FUR-CH-10003833,JH-16180,2020-11-21,195.14,0.2,4
US-2020-115952,OFF-BI-10004654,JH-15910,2020-10-06,28.85,0.0,5
US-2020-119046,OFF-PA-10000246,EH-13765,2020-06-02,30.18,0.0,3
US-2020-119046,OFF-BI-10001078,EH-13765,2020-06-02,51.65,0.2,12
US-2020-119046,OFF-BI-10000138,EH-13765,2020-06-02,11.23,0.2,3
US-2020-127425,TEC-PH-10003442,DR-12880,2020-08-26,33.0,0.0,6
US-2020-127425,TEC-AC-10002800,DR-12880,2020-08-26,249.95,0.0,5
US-2020-131149,OFF-AR-10002135,LH-17155,2020-07-10,154.24,0.2,4
US-2020-131149,OFF-ST-10000689,LH-17155,2020-07-10,338.04,0.2,3
US-2020-135720,OFF-ST-10001963,FM-14380,2020-12-11,243.38,0.2,3
US-2020-135720,TEC-AC-10001267,FM-14380,2020-12-11,119.8,0.2,5
US-2020-135720,TEC-PH-10002103,FM-14380,2020-12-11,300.77,0.2,4
US-2020-140172,OFF-AP-10004233,SP-20650,2020-03-08,207.14,0.1,3
US-2020-140172,OFF-AR-10003251,SP-20650,2020-03-08,13.9,0.0,5
US-2020-144057,OFF-ST-10001490,CV-12805,2020-05-09,856.66,0.2,6
US-2020-144057,OFF-BI-10002852,CV-12805,2020-05-09,13.18,0.8,4
US-2020-144057,OFF-AP-10000390,CV-12805,2020-05-09,48.78,0.8,4
US-2020-144057,OFF-PA-10004327,CV-12805,2020-05-09,76.64,0.2,2
US-2020-144057,OFF-BI-10002353,CV-12805,2020-05-09,18.53,0.8,6
US-2020-148957,OFF-LA-10002195,CC-12430,2020-09-17,12.32,0.0,4
US-2020-151827,TEC-PH-10002789,CS-11950,2020-03-31,280.78,0.4,3
US-2020-151827,TEC-AC-10003289,CS-11950,2020-03-31,31.98,0.2,2
US-2020-152051,FUR-CH-10002965,TS-21160,2020-06-25,422.06,0.3,3
US-2020-152051,OFF-BI-10004781,TS-21160,2020-06-25,38.09,0.7,4
US-2020-152051,OFF-ST-10001713,TS-21160,2020-06-25,254.35,0.2,6
US-2020-156986,OFF-BI-10002498,ZC-21910,2020-03-20,16.82,0.7,3
US-2020-156986,TEC-PH-10003800,ZC-21910,2020-03-20,84.78,0.2,2
US-2020-156986,OFF-PA-10002005,ZC-21910,2020-03-20,20.74,0.2,4
US-2020-156986,OFF-PA-10004101,ZC-21910,2020-03-20,10.37,0.2,2
US-2020-157490,TEC-MA-10001695,LB-16795,2020-10-06,703.71,0.7,6
US-2020-157490,OFF-BI-10002824,LB-16795,2020-10-06,17.9,0.7,4
US-2020-157490,OFF-BI-10002571,LB-16795,2020-10-06,11.98,0.7,4
US-2020-157490,TEC-AC-10001553,LB-16795,2020-10-06,67.96,0.2,5
US-2021-103247,OFF-BI-10004492,PO-19195,2021-10-05,75.79,0.2,3
US-2021-103247,TEC-PH-10003555,PO-19195,2021-10-05,160.93,0.0,7
US-2021-103828,OFF-ST-10001325,JK-15370,2021-08-13,31.44,0.0,3
US-2021-103828,OFF-AP-10004249,JK-15370,2021-08-13,83.79,0.0,7
US-2021-103828,OFF-AR-10000588,JK-15370,2021-08-13,59.52,0.0,3
US-2021-103828,OFF-SU-10001225,JK-15370,2021-08-13,31.92,0.0,4
US-2021-105046,TEC-PH-10004536,BE-11335,2021-07-17,269.98,0.0,2
US-2021-105046,OFF-PA-10004353,BE-11335,2021-07-17,99.9,0.0,5
US-2021-105046,FUR-FU-10004848,BE-11335,2021-07-17,39.08,0.0,4
US-2021-107888,OFF-PA-10001363,CC-12220,2021-11-16,73.68,0.0,6
US-2021-107888,FUR-FU-10003394,CC-12220,2021-11-16,139.92,0.0,2
US-2021-107888,TEC-PH-10003171,CC-12220,2021-11-16,107.88,0.2,3
US-2021-107888,OFF-ST-10003123,CC-12220,2021-11-16,33.29,0.0,1
US-2021-109253,OFF-AR-10000203,PR-18880,2021-08-21,17.12,0.0,4
US-2021-109253,TEC-PH-10004667,PR-18880,2021-08-21,431.97,0.2,4
US-2021-109253,FUR-FU-10000193,PR-18880,2021-08-21,129.92,0.0,4
US-2021-109253,FUR-TA-10001539,PR-18880,2021-08-21,568.73,0.2,3
US-2021-109253,OFF-BI-10000962,PR-18880,2021-08-21,117.14,0.2,9
US-2021-109253,OFF-AP-10002867,PR-18880,2021-08-21,203.52,0.0,3
US-2021-109253,OFF-LA-10001158,PR-18880,2021-08-21,51.75,0.0,5
US-2021-118087,FUR-CH-10004860,SP-20620,2021-09-09,141.37,0.3,2
US-2021-118087,TEC-AC-10004469,SP-20620,2021-09-09,95.88,0.2,3
US-2021-118087,OFF-AR-10003602,SP-20620,2021-09-09,4.67,0.2,1
US-2021-118087,OFF-BI-10000069,SP-20620,2021-09-09,4.5,0.7,1
US-2021-118087,TEC-AC-10003174,SP-20620,2021-09-09,258.7,0.2,3
US-2021-118087,OFF-BI-10002432,SP-20620,2021-09-09,3.04,0.7,2
US-2021-118087,FUR-FU-10001867,SP-20620,2021-09-09,17.02,0.2,2
US-2021-118087,TEC-PH-10002200,SP-20620,2021-09-09,1931.96,0.4,7
US-2021-123834,FUR-TA-10001676,GM-14500,2021-07-21,124.4,0.3,4
US-2021-136679,TEC-AC-10004855,XP-21865,2021-11-14,167.95,0.2,6
US-2021-136679,OFF-AR-10003582,XP-21865,2021-11-14,45.04,0.2,2
US-2021-147886,OFF-PA-10000232,DH-13075,2021-03-28,12.96,0.0,2
US-2021-147886,FUR-FU-10001095,DH-13075,2021-03-28,26.48,0.0,1
US-2021-147886,TEC-MA-10004679,DH-13075,2021-03-28,532.72,0.2,2
US-2021-147886,OFF-PA-10003651,DH-13075,2021-03-28,26.72,0.0,4
US-2021-147886,OFF-PA-10000743,DH-13075,2021-03-28,20.04,0.0,3
US-2021-147886,OFF-ST-10002743,DH-13075,2021-03-28,795.48,0.0,7
US-2021-147886,FUR-FU-10003829,DH-13075,2021-03-28,21.56,0.0,7
US-2021-147998,OFF-BI-10002082,SA-20830,2021-05-19,133.12,0.2,5
US-2021-151127,OFF-AR-10002445,RL-19615,2021-05-22,49.56,0.0,7
US-2021-155999,TEC-PH-10000439,JK-15370,2021-08-07,159.96,0.2,5
US-2021-155999,OFF-BI-10000404,JK-15370,2021-08-07,13.76,0.2,2
